{"cameraMode":{"drawMode":0,"name":"Shaded","section":"Shading Mode"},"sceneLighting":false,"audioPlay":false,"sceneViewState":{"showFog":true,"showMaterialUpdate":false,"showSkybox":true,"showFlares":true,"showImageEffects":true,"showParticleSystems":true},"in2DMode":false,"pivot":{"x":0.2507234811782837,"y":1.6089756488800049,"z":-1.183866024017334},"rotation":{"x":-0.04979810118675232,"y":0.9489328861236572,"z":-0.19365260004997254,"w":-0.24402056634426118},"size":9.556233406066895,"orthographic":false}